objectid,p4a_id,image,status,artist,title,date_,location_name,address,location_note,medium,neighborhood,google_streetview_link
8,12,No image available,Active,"Hochenek, Jan C.",Title Unknown (two sculptured wood and metal gates),1976,Townhouse,637-39 Pine Street,,Mixed media: wood and metal gates (2),Center City: Washington Square West,"https://www.google.com/maps/place/339+S+7th+St,+Philadelphia,+PA+19106/@39.9441012,-75.1533017,3a,75y,20.52h,77.74t/data=!3m6!1e1!3m4!1sYPnzZ3GbL7-yhTmNyH_Nvw!2e0!7i13312!8i6656!4m5!3m4!1s0x89c6c89d93885427:0xbcd9d7a4e6b9e796!8m2!3d39.944317!4d-75.1534507"
9,13,No image available,Active,"Kimmelman, Harold",The Family,1982,Neighborhood shopping mall walkway,241 Pensport Mall,East side of Moyamensing between Moore and McClellan,"Metal, bronze",South Philadelphia,
10,14,https://dpd-art-is-essential-docs.s3.amazonaws.com/14.pdf,Active,"Kimmelman, Harold",Butterfly,1970,Townhouses,"218-200 Delancey St, Philadelphia, PA 19106","200 block of Delancey St (South side of Delancey, West of 2nd)","Metal, stainless steel ",Center City: Society Hill,"https://www.google.com/maps/place/S+2nd+St+%26+Delancey+St,+Philadelphia,+PA+19106/@39.9437327,-75.1455803,3a,75y,200.73h,84.74t/data=!3m6!1e1!3m4!1sp7jW-8G0rKVoAFhMsOx7Ng!2e0!7i13312!8i6656!4m5!3m4!1s0x89c6c89a501bf47f:0x483375edea821403!8m2!3d39.9436602!4d-75.1451157"
11,15,https://dpd-art-is-essential-docs.s3.amazonaws.com/15.pdf,Active,"Leicester, Andrew",Riverwalk at Piers 3 and 5,1990,Piers 3 and 5,7 N. Coumbus Blvd,7 North Columbus Blvd (Delaware Ave),"Cermaic, concrete, metal, steel aluminum",Center City: Waterfront,
12,18,https://dpd-art-is-essential-docs.s3.amazonaws.com/18.pdf,Active,"Paley, Albert",Gates and Grills,1978,Townhouses,"104 and 106 Pine St.
 101-113 Lombard St.",100 Blocks of Pine and Lombard Streets,"Metal, mild steel, forged and fabricated w/a sandblasted & rust inhibitive painted finish",Center City: Society Hill,"https://www.google.com/maps/place/104+Pine+St,+Philadelphia,+PA+19106/@39.9429201,-75.1440891,3a,39.6y,149.59h,79.17t/data=!3m7!1e1!3m5!1sV9SLErx3eswQ_IlXXZ-Aag!2e0!5s20090801T000000!7i13312!8i6656!4m5!3m4!1s0x89c6c89a14e14f9d:0xf547c4ac555408c4!8m2!3d39.9427631!4d-75.1440535"
21,31,No image available,Active,"Kimmelman, Harold",Driftwood,1981,"Cypress Square, townhouses","303 Cypress St, Philadelphia, PA 19106","Cypress St (North side of Cyprus St, between 3rd & 4th - in Parking lot)","Metal, bronze",Center City: Society Hill,"https://www.google.com/maps/place/S+2nd+St+%26+Delancey+St,+Philadelphia,+PA+19106/@39.9443174,-75.1474441,3a,39.2y,14.48h,90.77t/data=!3m7!1e1!3m5!1s8RNtrBM-xkeq5Tw_1Hn2lQ!2e0!6s%2F%2Fgeo2.ggpht.com%2Fcbk%3Fpanoid%3D8RNtrBM-xkeq5Tw_1Hn2lQ%26output%3Dthumbnail%26cb_client%3Dmaps_sv.tactile.gps%26thumb%3D2%26w%3D203%26h%3D100%26yaw%3D0.4740185%26pitch%3D0%26thumbfov%3D100!7i13312!8i6656!4m5!3m4!1s0x89c6c89a501bf47f:0x483375edea821403!8m2!3d39.9436602!4d-75.1451157"
22,32,https://dpd-art-is-essential-docs.s3.amazonaws.com/32.pdf,Active,"Beckstoffer, Herman",Title Unknown (geodesic sculpted chandelier),1978,St Joe's Preparatory School (interior),1733 Girard Ave,,Medium Unknown,Fairmount: Girard,
23,33,https://dpd-art-is-essential-docs.s3.amazonaws.com/33.pdf,Active,"Gilson, Benoit L.",Title Unknown (stained glass window),1968,St Joseph's Preperatory School,1733 Girard Avenue,,Glass: Stained,Fairmount: Girard,
24,34,https://dpd-art-is-essential-docs.s3.amazonaws.com/34.pdf,Active,"Gilson, Benoit L.",Tapestry,1968,St Joseph's Preperatory School,1733 Girard Avenue,,Medium Unknown,Fairmount: Girard,
25,35,https://dpd-art-is-essential-docs.s3.amazonaws.com/35.pdf,Active,"Park, Soo Sunny",Generative Luminance,2014,University City Science Center,3737 Market Street, entry vestibule,"Dichroic glass,  wire mesh",University City: UCSC,
26,36,No image available,Active,"Polak, Esther & Van Bekkum, Ivar",250 Miles Crossing Philadelphia,2014,University City Science Center,3737 Market Street,3737 Market Street (funding source),"Digital, documentary and temporary banner",University City: UCSC,
27,37,https://dpd-art-is-essential-docs.s3.amazonaws.com/37.pdf,Active,United Visual Artists,Blueprint (2 works),2014,University City Science Center,3737 Market Street,,Stainelss steel frame with programmed LED lights,University City: UCSC,
28,39,https://dpd-art-is-essential-docs.s3.amazonaws.com/39.pdf,Active,"Mitchell, Henry","The Ox (or Winged Ox) """"St. Luke the Physician""""",1975,"Thomas Jefferson University, Adjacent to Scott Administration",1020 Walnut St,10th and Walnut Streets,"Metal, bronze",Center City: Washington Square West,
29,42,https://dpd-art-is-essential-docs.s3.amazonaws.com/42.pdf,Active,"Watson, Howard N(oel)",Mural: Betsy Ross Making the Flag,1974,Old City Presbyterian Apartments,"2531 N 4th St, Philadelphia, PA 19133","4th Street and Christ Church Walkway; 25 N 4th St.",Medium unknown ,Center City: Old City,
30,43,https://dpd-art-is-essential-docs.s3.amazonaws.com/43.pdf,Active,"Burko, Diane",Wissahickon: Reflections,1996-98,Philadelphia Marriott Hotel ,1201 Market Street,Inside the Philadelphia Marriott Hotell in th Lobby,"Oil on canvas, wall-mounted",Center City,
31,44,https://dpd-art-is-essential-docs.s3.amazonaws.com/44.pdf,Active,"Smyth, Ned",World Park: Orders and Perspectives,1995,Convention Center Marriott Hotel,1201 Market Street,,"Marble and glass mosaic; stones from 3 U.S. rivers",Center City,
32,45,https://dpd-art-is-essential-docs.s3.amazonaws.com/45.pdf,Active,"Fischer, R.M.",Firefly,1998,PNC Bank Operations Center,8800 Tinicum Blvd. Delaware Expy,Tinicum Boulevard & 88th Streets,"Aluminum, structural steel & lights",South West Philadelphia: Eastwick,
33,46,https://dpd-art-is-essential-docs.s3.amazonaws.com/46.pdf,Active,"Hatcher, Brower",Starman in the Ancient Garden (or Starman Crashing in the Ancient Garden),1990,Walnut Towers,211 S 9th street,"9th & Walnut Streets, SW corner","Metal, bronze, cement, brick, aluminum & lights",Center City: Washington Square West,
34,47,No image available,Active,Nolen and Swinburne,Mural,1968,"Temple University, Tomlinson Hall, front lobby (interior)",1301 W Norris St,13th and Norris Streets,Medium unknown ,Temple University,
35,48,No image available,Active,"Fuhrman, James",Marsh Bird Resting ,1976,F.L.W.G. Comprehensive Health Center,"5201 Haverford Ave, Philadelphia, PA 19139",52nd St and Haverford Avenue,Medium unknown (concrete?),West Philadelphia,"https://www.google.com/maps/@39.9653529,-75.2257852,3a,75y,190.12h,80.63t/data=!3m6!1e1!3m4!1spTKIRWkpJj1g-MU2nwgRBw!2e0!7i16384!8i8192"
36,49,https://dpd-art-is-essential-docs.s3.amazonaws.com/49.pdf,Active,"Bonet, Jordi",Title Unknown (metal relief),1970,Metro Club Condominiums (interior),201 N 8th St,"8th and Race Streets, NW corner",Metal: Welded steel,Center City: North,
93,123,No image available,Active,"Younger, Robert",Title Unknown (oil painting),1980,"The Clinton, lobby (interior)",1025 Clinton Street,,oil painting,Center City: Washington Square West,
136,170,https://dpd-art-is-essential-docs.s3.amazonaws.com/170.pdf,Active,"Sablosky, Jill",To Balance,2009,Federal Reserve Bank Building,925 Chestnut St,7th & Appletree Streets,Stone (various),Center City: North,
37,50,https://dpd-art-is-essential-docs.s3.amazonaws.com/50.pdf,Active,"Rosenthal, Bernard (Tony)",Odyssey,1983,"Cooper Medical Center, Center City",201 N. 8th Street,,"Metal, weathering steel flat discs (5)",Center City: North,"https://www.google.com/maps/place/201+N+8th+St,+Philadelphia,+PA+19106/@39.9553373,-75.1527269,3a,43.8y,115.49h,85.57t/data=!3m6!1e1!3m4!1skCZoPu3ic_gCFsSDIFvp0A!2e0!7i13312!8i6656!4m5!3m4!1s0x89c6c881b3f81219:0xc4bfeb7e4c9cbba3!8m2!3d39.9556478!4d-75.1522143"
38,51,https://dpd-art-is-essential-docs.s3.amazonaws.com/51.pdf,Active,"Abakanowicz, Magdalena
(1930-2017)",Open-Air Aquarium,2003,The Residences at Dockside,"717 S Columbus Blvd,
Philadelphia, PA 19147",East side of Christopher Columbus Blvd. just past South Street,Brushed Stainless Steel,Center City: Waterfront,
13,21,https://dpd-art-is-essential-docs.s3.amazonaws.com/21.pdf,Active,"Ray, Christopher T.","Earth, Air, Fire, Water (gates)",1972-1990,Penn's Landing Square Apartments and Townhouses,"Artwork at 90 Delancey St., 130 Spruce St., 122 Spruce St., 300 Front St., and 316 Front St.","Block between Front and 2nd Streets, Spruce and Delancey Streets","Metal, iron sculptured gates (5)",Center City: Society Hill,"https://www.google.com/maps/place/130+Spruce+St,+Philadelphia,+PA+19106/@39.9444707,-75.1445562,3a,41.9y,198.77h,88.36t/data=!3m6!1e1!3m4!1s7yOq_XdlqChJQh6ZnWBsAw!2e0!7i13312!8i6656!4m5!3m4!1s0x89c6c89af44858d3:0x9f8a8ac2559e8a75!8m2!3d39.9443885!4d-75.1445854"
14,22,https://dpd-art-is-essential-docs.s3.amazonaws.com/22.pdf,Active,"Ray, Christopher T.",Wall Lizard in Search of a Mate ,1974,Private Residence (Townhouse),500 & 502 Delancey Street  ,(Located on recessed wall of entrance landing),"Metal, iron, forged",Center City: Washington Square West,
15,25,No image available,Active,"Watteau, Antoine ",Shepherd and Shepherdess,1972,Loxley Court,321-323 Arch Street,,Metal: Cast lead,Center City: Old City,
16,26,No image available,Active,"Madden, Charles",Title Unknown (twelve stained glass windows),1968,Saint Mary's Convent,247 S 5th St,"5th and Locust Street, NE Corner","Glass, stained",Center City: Society Hill,
17,27,No image available,Active,"Lewis, James E.",Dr. William H. Gray  (see also Dr. Matthew Anderson),1976,Berean Manual Training and Industrial School (interior),1901 W. Girard Avenue,19th Street and Girard Avenue,"Metal, bronze",Fairmount: Girard,
18,28,No image available,Active,"Lewis, James E.",Dr. Matthew Anderson (see also Dr. William H. Gray),1975,Berean Manual Training and Industrial School (interior),1901 W. Girard Avenue,19th Street and Girard Avenue,"Metal, bronze",Fairmount: Girard,
19,29,https://dpd-art-is-essential-docs.s3.amazonaws.com/29.pdf,Active,"Grothusen, Michael",The Assist,2010,Chaes Foods,2100 N. American Street,,Brushed Stainless Steel,Poplar,"https://www.google.com/maps/place/2100+N+American+St,+Philadelphia,+PA+19122/@39.9825362,-75.1381865,3a,75y,260.59h,88.43t/data=!3m6!1e1!3m4!1sRaosIy-j8vD9h-fFNEo9aQ!2e0!7i13312!8i6656!4m5!3m4!1s0x89c6c811207d046d:0xb5f764b8e0dd7a04!8m2!3d39.9835732!4d-75.1385372"
20,30,https://dpd-art-is-essential-docs.s3.amazonaws.com/30.pdf,Active,"Blake, Richard",Title Unknown,1981,Progress Haddington Plaza,5601 Vine St,Between 56th and 57th Streets near Vine Street,Metal: Aluminium tubing,West Philadelphia,
94,124,No image available,Active,"Greenberg, Joseph J., Jr.",Seated Bear,1966,George A. McCall Elementary School,325 S 7th St,"6th St between Pine and Delancey Streets
Interiorr of building, near auditorium ",Metal: bronze,Center City: Society Hill,
1,1,https://dpd-art-is-essential-docs.s3.amazonaws.com/1.pdf,Active,"Daen, Lindsay",The Journeyer,1975,"West Fairmount Park, Horticulture Center",100 N Horticulture Drive,Belmont Avenue & North Horticultural Drive,Metal: Bronze,Fairmount Park,
2,5,https://dpd-art-is-essential-docs.s3.amazonaws.com/5.pdf,Active,"Kimmelman, Harold",Kangaroos,1970,Lawrence Court Walkway,"313 Lawrence Ct, Philadelphia, PA 19106","Btw 4th & 5th Sts, Spruce & Pine Sts","Metal, stainless steel, welded, highly polished",Center City: Society Hill,
3,7,https://dpd-art-is-essential-docs.s3.amazonaws.com/7.pdf,Active,"Berg, Eric",Untitled (gates),1979,Townhouses,901-911 Spruce Street,,"Metal: Steel, black paint",Center City: Washington Square West,"https://www.google.com/maps/@39.9459945,-75.1567048,3a,75y,14.54h,82.15t/data=!3m6!1e1!3m4!1sZdAOcj9ESfVPIYDLbYkyIw!2e0!7i13312!8i6656!6m1!1e1"
4,8,https://dpd-art-is-essential-docs.s3.amazonaws.com/8.pdf,Active,"Duffield, Timothy",Gates,1980,Townhouses,815-821 Lombard St.,,Metal ,Center City: Washington Square West,"https://www.google.com/maps/@39.9435291,-75.1560207,3a,75y,350.4h,73.38t/data=!3m6!1e1!3m4!1sZxdMr9yynBJtydrFF6raKg!2e0!7i13312!8i6656"
5,9,https://dpd-art-is-essential-docs.s3.amazonaws.com/9.pdf,Active,"Felch, Bernard",Title Unknown (three bas-reliefs),1979,Apartment Building,825-830 Lombard Street,,"Brick sculptures (3) located above front doors of 3 houses, each composed of 25 oversized bricks",Center City: Washington Square West,"https://www.google.com/maps/place/830+Lombard+St,+Philadelphia,+PA+19147/@39.9435582,-75.1562361,3a,75y,194.61h,96.16t/data=!3m6!1e1!3m4!1seXdyrhRhf_pTSYdnd-PtoA!2e0!7i13312!8i6656!4m5!3m4!1s0x89c6c627349a7cef:0x34d43ea4662cdc3b!8m2!3d39.9433239!4d-75.156319!6m1!1e1"
6,10,https://dpd-art-is-essential-docs.s3.amazonaws.com/10.pdf,Active,"Felch, Bernard","Title Unknown (sculpture, 3 decorative panels)",1978,Townhouses," 99-105 Pine St.
","Front and Pine Streets, NW corner",Brick sculptures,Center City: Society Hill,"https://www.google.com/maps/@39.9431557,-75.1435685,3a,75y,267.24h,99.37t/data=!3m6!1e1!3m4!1sCCaJ5zUoKsloJOwt6fBPyA!2e0!7i13312!8i6656"
7,11,https://dpd-art-is-essential-docs.s3.amazonaws.com/11.pdf,Active,"Greenberg, Joseph J., Jr.",Two Hands,1973,Center Post Apartments,"55 N 40th St e16, Philadelphia, PA 19104",Powelton Ave & Sloan Street (btw 39th & 40th Street),Medium Unknown,West Philadelphia: Powelton,"https://www.google.com/maps/place/Center+Post+Housing+Inc/@39.9592287,-75.2011243,3a,66.3y,213.86h,90.92t/data=!3m6!1e1!3m4!1s7Gxlrb9RdD0Ehv3EpVZosw!2e0!7i13312!8i6656!4m5!3m4!1s0x0:0x589000bc3904a644!8m2!3d39.9586051!4d-75.2017134"
89,118,No image available,Active,"Love, Arlene",Pony Express Rider,1981,Wells Fargo Alarm Service,"455 N 5th St, Philadelphia, PA 19123","5th & Noble Streets, NE corner","Metal, bronze, cold cast and fiberglass",Poplar,"https://www.google.com/maps/@39.9596658,-75.1469383,3a,43.7y,112.68h,90.24t/data=!3m6!1e1!3m4!1stpLOLUU7GkcfMaQwdVRd5g!2e0!7i13312!8i6656"
90,119,https://dpd-art-is-essential-docs.s3.amazonaws.com/119.pdf,Active,"Manoff, Ellen",Mural,1973,Gay Sportswear Company/Regal Industries,606 Spring Garden Street,,Medium unknown,Poplar,
91,120,No image available,Active,"Serber, Frances",Mural: Phaethon (or Outer Space),1963,District Five Health Center (interior?),1900 North 20th Street,,"Tile, ceramic, bas-relief",Temple University Area,
92,121,No image available,Active,"Daley, William P.",Helios (Helical Form),1971,"Germantown Friends School, science classroom building",31 West Coulter Street,,"Metal: Bronze,  Tomasil",Germantown,"https://www.google.com/maps/@40.032503,-75.1712842,3a,20.8y,351.17h,86.62t/data=!3m6!1e1!3m4!1sgDrC-cRLJcTpDW4jv0KKcA!2e0!7i13312!8i6656"
95,125,https://dpd-art-is-essential-docs.s3.amazonaws.com/125.pdf,Active,"Lloyd, James","Heliotrope: An Offering Toward """"Light""""",1995,Philadelphia Marriott Hotel (Lobby),1200 Market Street,,"Bronze, water, lighting, slate",Center City,
96,126,https://dpd-art-is-essential-docs.s3.amazonaws.com/126.pdf,Active,"Smith, Edward C.",Title Unknown (mosaic plaque),1979,First Reformed Church,151 N 4th St,At end of alley to the west of 325 Cherry Street,Medium unknown,Center City: Old City,"https://www.google.com/maps/place/N+4th+St+%26+Cherry+St,+Philadelphia,+PA+19106/@39.9532709,-75.1463414,3a,75y,7.42h,96.79t/data=!3m6!1e1!3m4!1sQrgL-JaNUli1nKPYAHo8jA!2e0!7i13312!8i6656!4m5!3m4!1s0x89c6c886ed38bbe5:0x6dd5758e23f79338!8m2!3d39.9533093!4d-75.1466128"
97,127,No image available,Active,"Cuetara, Arturo",Title Unknown,1965,Dow Chemical ,100 S Independence Mall W,"6th and Market streets, SW corner

interior, formerly Rohm and Haas Company ",Plastic: Plexi-glass,Center City: Independence Mall,
98,128,https://dpd-art-is-essential-docs.s3.amazonaws.com/128.pdf,Active,"Fitz-gerald, Clark B.",Milkweed Pod,1965,Rohm and Haas Company,100 S Independence Mall W,"Market Street between 6th and 7th Streets
Courtyard","Metal, copper, and stainless steel",Center City: Independence Mall,
99,129,No image available,Active,"Koblick, Freda  and Tattersfield, Shirley ",Untitled: Two interior plexiglass murals,1965,Rohm and Haas Company (interior),100 S Independence Mall W,"Southwest corner, 6th and Market Streets",plexiglass,Center City: Independence Mall,
100,130,No image available,Active,"Koblick, Freda and Tattenfield, Shirley",Murals (2),1965,Rohm and Haas Company (interior),100 S Independence Mall W,"6th & Market St, SW corner",Plexiglas murals,Center City: Independence Mall,
101,131,No image available,Active,"Kimmelman, Harold",Lightning Bolts,1973,<Null>,"5821 Baynton St, Philadelphia, PA 19144",5800 block of Baynton St,"Metal, stainless steel",Germantown Ave,"https://www.google.com/maps/place/5800+Baynton+St,+Philadelphia,+PA+19144/@40.0399434,-75.1731676,3a,39.6y,19.68h,84.41t/data=!3m6!1e1!3m4!1sz3c6vC-WjXaUwlzoMjmhoQ!2e0!7i13312!8i6656!4m5!3m4!1s0x89c6b834bc87f595:0x171aa45ec9e4889c!8m2!3d40.0395317!4d-75.1725578"
102,132,No image available,Active,"Ray, Christopher T.",Thornbush,1974,Commodore Barry Court,265 South 4th Street,,"Metal, weathering steel, forged",Center City: Society Hill,"https://www.google.com/maps/place/265+S+4th+St,+Philadelphia,+PA+19106/@39.9455301,-75.1483553,3a,75y,122.39h,93.38t/data=!3m6!1e1!3m4!1sHj6C11uPvRSRFRqLNyeEdg!2e0!7i13312!8i6656!4m5!3m4!1s0x89c6c89b6405f889:0xfb5d84b0d90b70fe!8m2!3d39.945527!4d-75.1483337"
103,133,https://dpd-art-is-essential-docs.s3.amazonaws.com/133.pdf,Active,"Fahlen, Charles",Major,1982,American Postal Workers House,801 Locust St,"8th and Locust Streets, NW corner","Concrete, white, w/10% color added: mars black, red ochre, and yellow ochre",Center City: Washington Square West,
46,64,https://dpd-art-is-essential-docs.s3.amazonaws.com/64.pdf,Active,"Nivola, Constantino",Dedicated to the American Secretary,1970,"Continental Bank Building, lobby (exterior and interior)",400 Market Street,,"Concrete and sand, sand cast panel, reinforced with metal, steel for mounting on wall; 14 panels, each 36 in. wide",Center City: Independence Mall,
104,135,No image available,Active,"Browne, Dolores",Title Unknown (environmental paintings),1975,<Null>, 640 N. Broad Street,7th and Spring Garden streets,Medium Unknown,Poplar,
105,136,No image available,Active,"Rose, Sheldon",Title Unknown (sculpture wood block relief),1974,"John C. Meyer and Son, Inc. (interior)",432 North 6th Street,,"Wood, sculpted wood block relief panel",Poplar,
106,137,https://dpd-art-is-essential-docs.s3.amazonaws.com/137.pdf,Active,"Schwartz, Joel",Title Unknown (decorative lamps) ,1986 c.,"Colonial Hotel,",1100 Spruce Street,,"Metal, wrought iron and glass",Center City: Washington Square West,"https://www.google.com/maps/place/1100+Spruce+St,+Philadelphia,+PA+19107/@39.9463013,-75.1595305,3a,42.2y,257.62h,90.4t/data=!3m6!1e1!3m4!1sbJd2ruVBMWzeaK7DQzs6fg!2e0!7i13312!8i6656!4m5!3m4!1s0x89c6c626862630b7:0x5d544f6e45741da2!8m2!3d39.9459401!4d-75.1597103"
107,139,https://dpd-art-is-essential-docs.s3.amazonaws.com/139.pdf,Active,"Villareal, Leo",Light Matrix,2015,<Null>,3601 Market Street,,LED light array in exterior canopy,University City,
39,52,No image available,Active,"Ihlenfeld, Klaus",Bronze Sphere,1970,Fairmount Manor Apartments,650 Fairmount Ave,Fairmount Avenue between 6th and 7th streets,Metal: Bronze,Poplar,"https://www.google.com/maps/place/N+6th+St+%26+Fairmount+Ave,+Philadelphia,+PA+19123/@39.9633771,-75.1494721,3a,39y,127.12h,83.44t/data=!3m6!1e1!3m4!1sl5KaGUHJO1_4BE6mSeKQZw!2e0!7i13312!8i6656!4m5!3m4!1s0x89c6c87bc28a44bd:0xae00bc37a2345597!8m2!3d39.9635353!4d-75.1478179"
40,53,No image available,Active,"Mooney, Joseph",Valley of the Lenni Lenape,1986,"Orig: Antonio Origlio, Inc., Beer Distributors (& American Waste-A-Way)",3520 South 78th Street,,"Metal, steel plate, painted",South West Philadelphia: Eastwick,"https://www.google.com/maps/place/Holstein+Ave+%26+S+78th+St,+Philadelphia,+PA+19153/@39.8985258,-75.2331253,3a,75y,228.21h,97.9t/data=!3m6!1e1!3m4!1sVWXeb2GmzFpEL_TBYlt7hw!2e0!7i13312!8i6656!4m5!3m4!1s0x89c6c46f63890e6d:0xe1a8e6015d1bc16d!8m2!3d39.8980635!4d-75.232297"
41,54,No image available,Active,Reliance Electric Company Regional Service Center Staff,Untitled,1983,"Reliance Electric Company, Regional Service Center",3240 South 78th Street,,"Metal, steel",Southwest Philadelphia,
42,58,https://dpd-art-is-essential-docs.s3.amazonaws.com/58.pdf,Active,"Winter, Sherl Joseph",Flame (Fountain),1968,"Drexel University, Quadrangle North Hall",3200 Race St,33rd and Race in front of 3200 Race,"Metal, bronze with stone, Belgian block fountain structure",University City,"https://www.google.com/maps/place/3200+Race+St,+Philadelphia,+PA+19104/@39.958818,-75.1889775,3a,79.7y,196.55h,91.66t/data=!3m6!1e1!3m4!1sYrWj5vfjS6hQNkjrddHVwA!2e0!7i13312!8i6656!4m5!3m4!1s0x89c6c64d9344211f:0xa96cabc418a9c027!8m2!3d39.9586784!4d-75.188464"
43,60,No image available,Active,"Miller, Donald R.",Nocturnis,1973 c.,"Philadelphia Zoological Gardens, Small Mammal House (interior)",3400 W Girard Ave,34th  Street and Girard Avenue,"Metal, nickel (or bronze w/nickel)",Philadelphia Zoo,
44,62,https://dpd-art-is-essential-docs.s3.amazonaws.com/62.pdf,Active,"Judson, Sylvia Shaw",Mary Dyer,1960,Friends Center,1501-1521 Cherry Street,NW corner,"Metal, bronze; cast, green patina",Parkway,http://www.friendscentercorp.org/?page_id=117
45,63,https://dpd-art-is-essential-docs.s3.amazonaws.com/63.pdf,Active,"Caccia, David",Tetrahedron Kite,1976,Verizon (Formerly Bell of Pennsylvania Facility),479 North 3rd Street,"East side of 3rd South of Spring Garden, facing South.","Metal: Stainless steel, highly polished",Poplar,"https://www.google.com/maps/@39.9595294,-75.1436917,3a,75y,70.07h,96.5t/data=!3m6!1e1!3m4!1sdLQezQdhvlLoqRDMr9PIiw!2e0!7i13312!8i6656!6m1!1e1"
135,168,https://dpd-art-is-essential-docs.s3.amazonaws.com/168.pdf,Active,"Mitchell, Henry",Otters,1979,Thomas Jefferson University,901 Walnut St.,"Between 10th and 11th, Locust and Walnut Streets","Metal, bronze",Center City: Washington Square West,
47,65,https://dpd-art-is-essential-docs.s3.amazonaws.com/65.pdf,Active,"Sugarman, George",Four Wall Reliefs,1981 c.,Wills Eye Hospital,"840 Walnut St, Philadelphia, PA 19107",9th and Locust Streets,"Metal, aluminum plate, painted",Center City: Washington Square West,"https://www.google.com/maps/place/S+9th+St+%26+Locust+St,+Philadelphia,+PA+19107/@39.9472125,-75.1563354,3a,75y,354.69h,82.43t/data=!3m6!1e1!3m4!1sQ8i0u3QujyBtAIV4wqN8OA!2e0!7i16384!8i8192!4m5!3m4!1s0x89c6c627c1c89eb7:0xf3de03d92822e7c9!8m2!3d39.9471637!4d-75.15608"
48,66,No image available,Active,"Bailey, Joseph C.",Title unknown (commemorative plaque),1983,Gray Manor Senior Housing,1600 N 8th St,8th Street & Cecil B Moore Ave,"Metal: aluminum relief, cast",Temple University Area,"https://www.google.com/maps/@39.9768806,-75.1485852,3a,30y,272.18h,86.8t/data=!3m6!1e1!3m4!1sahM3ZLWTjwF890U6Ir2JGw!2e0!7i16384!8i8192"
49,67,https://dpd-art-is-essential-docs.s3.amazonaws.com/67.pdf,Active,"Adams, Alice",The Roundabout,1992,Thomas Jefferson University Bluemle Life Sciences Building,"233 S 10th St, Philadelphia, PA 19107",10th & Locust Streets,"Mixed Media: Stone, concrete, bronze engravings, landscape materials, water",Center City: Washington Square West,
50,68,https://dpd-art-is-essential-docs.s3.amazonaws.com/68.pdf,Active,"Fisher,  Rob",Mushroom,1977,Gateway Building/University City Science Center,3535 Science Center,,"Mixed media: metal, flame retardant fiberglass and steel",University City: UCSC,
51,69,https://dpd-art-is-essential-docs.s3.amazonaws.com/69.pdf,Active,"Antonakos, Stephen",Neons for Buttonwood,1989,Cityview condominiums,"2001 Hamilton St, Philadelphia, PA 19130",21st & Hamilton Streets,Glass (neon),Parkway,
52,70,No image available,Active,"Caccia, David",Leaf,1975,One Buttonwood Square Apartments,"2001 Hamilton St, Philadelphia, PA 19130",21st and Hamilton Streets,Metal: Bas-relief,Parkway,
53,71,https://dpd-art-is-essential-docs.s3.amazonaws.com/71.pdf,Active,"Dowell, John Jr.",Spirit Dance,1990,Korman Suites at Buttonwood Square,"2001 Hamilton St, Philadelphia, PA 19130",20th and Hamilton Streets,Glass and Paint,Parkway,
54,72,https://dpd-art-is-essential-docs.s3.amazonaws.com/72.pdf,Active,"Lutz, Winifred",How to Retain Site Momory While Developing the Landscape,1990,"Korman Suites, Buttonwood Square","2001 Hamilton St, Philadelphia, PA 19130",20th & Hamilton Streets,"Stone, marble, granite, limestone, trees, shrubs, etc",Parkway,
55,73,No image available,Active,"Snelson, Kenneth D",Sagg Main Street,1975,Korman Suites Hotel,"2001 Hamilton St, Philadelphia, PA 19130",20th and Hamilton Streets,Metal: Stainless Steel,Parkway,
56,74,https://dpd-art-is-essential-docs.s3.amazonaws.com/74.pdf,Active,"Paik, Nam June",Video Arbor,1990,One Franklin Town Apartments,1 Franklin Town Blvd,"18th Street, near Callowhill",Mixed media (Video monitors),Franklintown,"https://www.google.com/maps/place/Callowhill+St+%26+N+18th+St,+Philadelphia,+PA+19130/@39.9599646,-75.1678104,3a,75y,97.72h,90.21t/data=!3m6!1e1!3m4!1sjlQpveqe6LV_o7Su8_8ilA!2e0!7i13312!8i6656!4m5!3m4!1s0x89c6c7cd2fdbf653:0xd08a3957a8c8f9b7!8m2!3d39.9604013!4d-75.1684273"
57,77,https://dpd-art-is-essential-docs.s3.amazonaws.com/77.pdf,Active,"Fahlen, Charles & John Lawson",Diamond Park,1994,Diamond Park,1700 W Susquehanna Ave,"18th & Diamond Streets, Southeast corner","Painted steel arbor, fence and entrance gate; concrete, landscape materials",Temple University Area,"https://www.google.com/maps/place/West+Diamond+street+%26+N+18th+St,+Philadelphia,+PA+19121/@39.9855279,-75.16297,3a,51y,145.26h,92.08t/data=!3m6!1e1!3m4!1sDm-9Lgf8f5rsP-kTdhNP0Q!2e0!7i13312!8i6656!4m5!3m4!1s0x89c6c7e44a012a89:0x94e85e5e22b412d6!8m2!3d39.9855483!4d-75.1629476!6m1!1e1"
58,78,No image available,Active,"Calder, Alexander",Eight Banners,1976,The Free Library of Philadelphia,"1901 Vine Street 
Philadelphia PA
19103",Inside of the Parway Central Library,Synthetic fabric,Center City,
59,79,No image available,Active,"Kimmelman, Harold",Underwater Sunscreen,1971,"Lawncrest Recreation Center, on pool deck",6000 Rising Sun Ave,,"Metal, Stainless steel",North East Philadelphia: Lawncrest,"https://www.google.com/maps/place/6000+Rising+Sun+Ave,+Philadelphia,+PA+19111/@40.0460321,-75.1019493,89m/data=!3m1!1e3!4m5!3m4!1s0x89c6b6e41231b9ff:0xec7c3ab6ec23a55!8m2!3d40.0454843!4d-75.1011018"
60,81,No image available,Active,"Garten, Cliff",Total Environment,2017,Church of Jesus Christ of Latter-Day Saints,1601 Vine Street,,TBD,Center City,
61,82,https://dpd-art-is-essential-docs.s3.amazonaws.com/82.pdf,Active,"Keene, Paul F.",Title Unknown (untitled),1981,Guild House West,1200 Fairmount Ave,,"Tile, ceramic",Poplar,"https://www.google.com/maps/place/1200+Fairmount+Ave,+Philadelphia,+PA+19123/@39.9663768,-75.1576083,3a,67.1y,17.64h,93t/data=!3m6!1e1!3m4!1sDM_1PBNPKDIcgD2T6NE_Tg!2e0!7i13312!8i6656!4m5!3m4!1s0x89c6c7d70748bf37:0x4e677072f56cb750!8m2!3d39.9661483!4d-75.1567899"
62,85,No image available,Active,"Bailey, Joseph C.",Cross,1973,Bright Hope Baptist Church,1601 N 12th St,12th St. & Cecil B Moore Ave,Metal,Temple University Area,"https://www.google.com/maps/@39.9779209,-75.1542088,3a,90y,94.82h,110.07t/data=!3m6!1e1!3m4!1sra5RLrd4OwFiJ7mgavMHgg!2e0!7i13312!8i6656!6m1!1e1"
63,86,https://dpd-art-is-essential-docs.s3.amazonaws.com/86.pdf,Active,"Flaherty, David",Title Unknown (aluminum wall relief),1977,Marshall Street walkway between 6th and 7th Streets,844 N 6th St,Marshall Street between 6th and 7th Streets,"Metal, aluminum wall relief",Poplar,
64,88,No image available,Active,"Day, David J.",Still Motion,1974,Drive Here.Com (formerly P.M.F. Motors),6729 Essington Avenue,,"Metal: Stainless steel, highly polished",Southwest Philadelphia,"https://www.google.com/maps/place/6729+Essington+Ave,+Philadelphia,+PA+19153/@39.9094331,-75.2232041,3a,75y,279.61h,90t/data=!3m6!1e1!3m4!1siK5k7EZK1ydnpq8UIt-Yvw!2e0!7i13312!8i6656!4m5!3m4!1s0x89c6c43e2d899b11:0xb8e33198aa346ddf!8m2!3d39.9095294!4d-75.2238786!6m1!1e1"
65,89,No image available,Active,"Pollack, Bruce",Title Unknown  ,1990,Paving materials,1128-30 Walnut Street,,,CenterCity,
66,90,https://dpd-art-is-essential-docs.s3.amazonaws.com/90.pdf,Active,"Searles, Charles",Striving,1995,"First Dist. Plaza, Headquarters First Episcopal Dist, African Methodist Episcopal Church",3801 Market Street,"38th and Market Streets, NW corner",Bronze,University City ,"https://www.google.com/maps/place/N+38th+St+%26+Market+St,+Philadelphia,+PA+19104/@39.9567925,-75.1986761,3a,75y,36.85h,75.7t/data=!3m6!1e1!3m4!1s_lLPbY7oS2x5vw2HhHReqg!2e0!7i13312!8i6656!4m5!3m4!1s0x89c6c656f9a765b5:0x51156708a9c57df1!8m2!3d39.9566721!4d-75.1979814"
67,91,No image available,Active,"Kimmelman, Harold",Magnolia Blossom,1969,Magnolia Mews,5915 Magnolia Street,,"Metal, stainless steel",Germantown,
68,95,https://dpd-art-is-essential-docs.s3.amazonaws.com/95.pdf,Active,"Day, David J.",Alliance,1973,"Pacifico Ford Agency, auto showroom",6701 Essington Avenue,,Metal: Stainless steel,Southwest Philadelphia,"https://www.google.com/maps/@39.9134155,-75.2220787,3a,75y,274.03h,90t/data=!3m6!1e1!3m4!1snivxdgH_5Ff-tN5OK2mIaA!2e0!7i13312!8i6656!6m1!1e1"
69,96,https://dpd-art-is-essential-docs.s3.amazonaws.com/96.pdf,Active,"Calder, Alexander",White Cascade,1976,Federal Reserve Bank,100 North 6th Street,Inside of the building,"Metal, aluminum discs, stainless steel rods, electric motor",Center City: Independence Mall,
70,97,https://dpd-art-is-essential-docs.s3.amazonaws.com/97.pdf,Active,"Pepper, Beverly",Phaedrus,1976,Federal Reserve Bank Building,610 Arch Street,,painted steel ,Center City: Independece Mall,"https://www.google.com/maps/place/610+Arch+St,+Philadelphia,+PA+19106/@39.9537958,-75.1497591,3a,75y,271.37h,80.77t/data=!3m6!1e1!3m4!1sVV5YZ4Svh_9Nrz2eyC1SHw!2e0!7i13312!8i6656!4m5!3m4!1s0x89c6c88166b37113:0x8307b4f8a6f081db!8m2!3d39.9528645!4d-75.1507806"
71,98,No image available,Active,"Trezza, Tony (Anthony J. Trezza)",Paper in Motion,1983,Garrett-Buchanan Company,7575 Brewster Avenue,,"Metal, stainless steel",Southwest Philadelphia,"https://www.google.com/maps/place/7575+Brewster+Ave,+Philadelphia,+PA+19153/@39.9021781,-75.2327796,3a,75y,299.24h,81.79t/data=!3m6!1e1!3m4!1skV-rr1Kttq-ONKTToUPYDQ!2e0!7i13312!8i6656!4m5!3m4!1s0x89c6c46e81173dad:0x4c44d04f089b50e3!8m2!3d39.9027005!4d-75.2330854"
72,99,https://dpd-art-is-essential-docs.s3.amazonaws.com/99.pdf,Active,"Bailey, Joseph C.",Title unknown,1984,Tucker House,1001 Wallace Street,N.W.Corner of 10th & Wallace St.,Metal: bronze,Poplar,"https://www.google.com/maps/@39.9642477,-75.1539666,3a,73.9y,272.8h,90.46t/data=!3m6!1e1!3m4!1sMSwjJ6BfPoK_2YuvN9VHmA!2e0!7i13312!8i6656!6m1!1e1"
73,100,No image available,Active,"Love, Arlene",Title unknown,1977,Claridge Apartment Building (interior),319 S. 10th St,,"Mixed media, metal, bronze, polyester, fiberglass, framed in plain aluminum L-angled stock",Center City: Washington Square West,
74,101,https://dpd-art-is-essential-docs.s3.amazonaws.com/101.pdf,Active,"Jones, Dexter (Charles D. Wentworth III)",Benjamin Franklin in Fireman's Hat,1968,"Fire Station, Engine #8 Ladder #2",356 Arch  St,4th and Arch Streets,Metal: Aluminum bas-relief,Center City: Old City,"https://www.google.com/maps/place/Arch+St+%26+N+4th+St,+Philadelphia,+PA+19106/@39.9523633,-75.1465557,3a,75y,59.45h,90.49t/data=!3m6!1e1!3m4!1sdMYE-QxtP3TFUAvPC-LZPw!2e0!7i13312!8i6656!4m5!3m4!1s0x89c6c8869bf17595:0xec3ce155875004cc!8m2!3d39.9523728!4d-75.1468022"
75,102,https://dpd-art-is-essential-docs.s3.amazonaws.com/102.pdf,Active,"DuPree, James",Freedom Corner,1995,Freedom Square,"5099 Germantown Ave, Philadelphia, PA 19144",Germantown Avenue & Wister Street,"Concrete, paint",Germantown,"https://www.google.com/maps/@40.0299739,-75.1648923,3a,42.5y,340.13h,80.93t/data=!3m6!1e1!3m4!1sVtvJ0ol969MkraiJ6YLYpw!2e0!7i13312!8i6656!6m1!1e1"
76,103,No image available,Active,"Lekakis, Michael Nicholas",Eros / Psyche,1980,"Saint George Athenagoras Manor, near entrance",850 Locust St.,"9th & Locust Streets, SE corner","Metal, bronze",Center City: Washington Square West,"https://www.google.com/maps/@39.9471427,-75.1558223,3a,45.6y,213.89h,86.27t/data=!3m6!1e1!3m4!1sBw9YiWZ2FyXGsYpJkSW8CA!2e0!7i13312!8i6656"
77,104,https://dpd-art-is-essential-docs.s3.amazonaws.com/104.pdf,Active,"Cramer, Richard Charles",Title Unknown (one metal gate),1979,"Townhouses, Washington Square West, Unit II, Parcel #93",1015 Lombard Street,,Metal,Center City: Washington Square West,"https://www.google.com/maps/@39.9439012,-75.1589587,3a,75y,358.52h,87.78t/data=!3m6!1e1!3m4!1swMSyM73BUDIJmU3_9PtYJg!2e0!7i13312!8i6656!6m1!1e1"
78,105,https://dpd-art-is-essential-docs.s3.amazonaws.com/105.pdf,Active,"Segal, George",Woman Looking Through a Window,1980,One Independence Mall,615 Chestnut Street,,"Mixed media: metal, white, bronze, polyester-dipped fabric w/unbreakable glass, Lexan plastic, polyester dipped",Center City: Independence Mall,
79,106,No image available,Active,"Conwill, Houston, Estella Conwill Majozo, Joseph DePace",The Freedom Ring,1994,Community College of Philadelphia,1700 Spring Garden St,Spring Garden Street between 17th & 18th Street,Pennsylvania black granite and midnight gray granite,Franklintown,
80,107,https://dpd-art-is-essential-docs.s3.amazonaws.com/107.pdf,Active,"Yarnall, Agnes",Benjamin Franklin with Kite,1965,Coxe Park,2134 Cherry Street,Cherry and Beechwood streets,metal: Bronze,Center City,
81,108,No image available,Active,"Andrade, Edna Wright",Untitled (mosaic mural),1965,Alemite Company of Philadelphia,"930 North 8th Street,
Philadelphia, PA 19123",,"Tile, ceramic",Poplar,"https://www.google.com/maps/@39.9690694,-75.1502708,3a,75y,282.49h,80.16t/data=!3m6!1e1!3m4!1si2XD5QxkRc1wPU3f-yXvfw!2e0!7i13312!8i6656!6m1!1e1"
82,109,https://dpd-art-is-essential-docs.s3.amazonaws.com/109.pdf,Active,"Osborne-Cooper, Elizabeth",Title Unknown (iron gates),1978,Medical Offices and Residence,743 Spruce Street,"Gate is at rear of building, on Manning Street","Metal, steel, painted black",Center City: Washington Square West,"https://www.google.com/maps/place/743+Spruce+St,+Philadelphia,+PA+19106/@39.9461843,-75.1544267,3a,75y,209.28h,76.07t/data=!3m6!1e1!3m4!1s3v2RMjQ6dgPzSNWz7VCVdQ!2e0!7i13312!8i6656!4m5!3m4!1s0x89c6c62787f36af1:0xf59b70608ee59924!8m2!3d39.946056!4d-75.154566"
83,110,https://dpd-art-is-essential-docs.s3.amazonaws.com/110.pdf,Active,"Day, David J.",Psalm,1981,Liberty Ford,6801 Essington Avenue,,Wood,Southwest Philadelphia,
84,111,https://dpd-art-is-essential-docs.s3.amazonaws.com/111.pdf,Active,"Kimmelman, Harold",Thirteen into One,1977,Orig: Insurance Company of North American,399 Market St.,"  East of 4th, North of Market. Visible through the fence at the East end next to the walkway.","Metal, Stainless steel",Center City: Old City,"https://www.google.com/maps/place/315+Market+St,+Philadelphia,+PA+19106/@39.9502813,-75.1464508,3a,75y,8.91h,102.5t/data=!3m6!1e1!3m4!1sG85at-ZYzDxjxDJ6V3rcwA!2e0!7i13312!8i6656!4m13!1m7!3m6!1s0x0:0x0!2zMznCsDU3JzAzLjAiTiA3NcKwMDgnNDYuNyJX!3b1!8m2!3d39.950825!4d-75.1463!3m4!1s0x89c6c88449fced85:0xaa77ab73dc988268!8m2!3d39.9506749!4d-75.146184"
85,112,https://dpd-art-is-essential-docs.s3.amazonaws.com/112.pdf,Active,"Rhoden, John",Neseika,1976,The African American Museum in Philadelphia ,701 Arch St,"7th and Arch Streets, NW Corner","Metal, bronze",Center City: North,"https://www.google.com/maps/place/State+Rte+3007+%26+N+7th+St,+Philadelphia,+PA+19106/@39.953278,-75.1514886,3a,43y,281.31h,82.88t/data=!3m6!1e1!3m4!1sQWpyM0EQM2-7lQp0BAPjFA!2e0!7i13312!8i6656!4m5!3m4!1s0x89c6c88178b4c8ff:0x94058d6275788c1e!8m2!3d39.9529605!4d-75.1515228"
86,114,No image available,Active,"Montgomery, Robert E.",Title Unknown (metal bas-relief) 2 parts,1972,MCI Company,460 N. 6th Street,,Metal bas-relief,Poplar,"https://www.google.com/maps/place/460+N+6th+St,+Philadelphia,+PA+19123/@39.9599351,-75.1484975,3a,75y,227.79h,94.88t/data=!3m6!1e1!3m4!1s8H7GvIexUDkVpjB72KhesA!2e0!7i13312!8i6656!4m5!3m4!1s0x89c6c87c2a4707bb:0x7e4a3bac856f2201!8m2!3d39.9601882!4d-75.1487991"
87,116,https://dpd-art-is-essential-docs.s3.amazonaws.com/116.pdf,Active,"Berg, Eric",Figuresphere,1978,Pennsylvania Hospital Hall Mercer Community Mental Health and Rehabilitation Center ,800 Spruce St,"Interior of building
8th and Locust streets",Metal: Bronze ball,Center City: Washington Square West,
88,117,No image available,Active,"Blai, Boris",Charles E. Beury,Unknown,"Temple University, Beury Hall",1901 N 13th St,"Entrance interior
 13th and Norris Streets",Metal: Bronze,Temple University,
108,140,No image available,Active,"Crowell, Lucius",Mural: Philadelphia Panorama,1963,Hopkinson House (interior),604 S. Washington Square,,Paint,Center City: Washington Square West,
109,141,No image available,Active,"Stonorov, Oskar and Jorio Vivarelli",Adam and Eve,1963,Hopkinson House Apartments,"604 S Washington Square, Philadelphia, PA 19106","Washington Square South, Between 6th and 7th Streets","Metal, bronze",Center City: Washington Square West,
110,142,No image available,Active,"Vivarelli, Jorio",Four Seasons,1963,Hopkinson House (interior),"604 S Washington Square, Philadelphia, PA 19106","Washington Square South, Between 6th and 7th Streets",Paint on canvas,Center City: Washington Square West,
111,143,No image available,Active,"Blai, Boris","Russell H. Conwell (bust; small portrait)",1978,"Temple University, Mitten Hall, first floor court (interior)",1913 N Broad St,"Founder's Garden. East side of Liacouras Walk, just South of Berks Mall","Metal, bronze",Temple University,
112,144,No image available,Active,"Blai, Boris",Johnny Ring,1964,"Temple University, Mitten Hall Annex, North Terrace",1913 N Broad St,"West side of Watts Walk, North of Berks Mall","Metal, Bronze",Temple University,"https://www.google.com/maps/@39.9825019,-75.156234,3a,75y,278.2h,87.12t/data=!3m10!1e1!3m8!1szoybsgtR8ANahEnKER-iHQ!2e0!6s%2F%2Fgeo3.ggpht.com%2Fcbk%3Fpanoid%3DzoybsgtR8ANahEnKER-iHQ%26output%3Dthumbnail%26cb_client%3Dmaps_sv.tactile.gps%26thumb%3D2%26w%3D203%26h%3D100%26yaw%3D257.63004%26pitch%3D0%26thumbfov%3D100!7i13312!8i6656!9m2!1b1!2i49"
113,145,No image available,Active,"Blai, Boris","Russell H. Conwell (bust; large portrait)",1953,"Temple University, Mitten Hall, Founders' Garden",1913 N Broad St,"south of Berks Walkway, between Park Avenue and 13th Street","Metal, bronze",Temple University,
114,146,No image available,Active,"Gutkin, Peter",Title Unknown (abstract forms),1964,"Temple University, Mitten Hall Annex",1913 N Broad St,Watts Street Walkway (now Polett Walk?),Stone: Marble,Temple University,<Null>
115,147,https://dpd-art-is-essential-docs.s3.amazonaws.com/147.pdf,Active,"Paul, Stewart Zane",Regional Ricky,1978,Northwest Regional Library (interior),68 W Chelten Ave,"Chelton Avenue and Greene Street, SE corner","Wood, carved, red oak w/ butternut, walnut, maple, and white oak",Germantown,
116,148,No image available,Active,"Frye, Glenda Lou and 24 students aged 6-18",Title Unknown (ceramic frieze),1985,Prints in Progress Germantown Workshop,34 West Coulter Street,,"Tile: Clay, silkscreened and handbuilt; hand-colored with glass-like surface of ceramic glazes",Germantown,
134,167,https://dpd-art-is-essential-docs.s3.amazonaws.com/167.pdf,Active,"Victor, Jim",Title Unknown (figure eating ice cream cone),1981,"Dandy Baking Company, near entrance",6750 Lindbergh Boulevard,,"Metal, bronze bas-relief",Southwest Philadelphia,
137,171,No image available,Active,Willet Stained Glass Studios,Title Unknown (stained glass window),1970,Lutheran Chapel and Student Center, 3637 Chestnut St.,37th and Chestnut Streets,Medium unknown,University City,
138,172,No image available,Active,"Gallucci, Raymond",Mural,1967,Temple University,1801 N Broad St ,Over Montgomery Avenue Entrance to Ritter Hall.  Between 13th Street and Park Ave,Ceramic: Mosaic,Temple University,
139,173,No image available,Active,"Morrow, Robert Earl",Title Unknown (Speakman Hall wall treatments),1967,"Temple University, Speakman Hall, lobby and hallways (interior)",1810 N 13th St,"Between Montgomery Avenue and Berks Street, west of 13th Street","Mixed media, metal, sand, plastic, paint, bronze, iron used in laminated, sgraffito, and cast forms incluidng sand, plastics",Temple University,
140,174,No image available,Active,Nolen and Swinburne with Chard Webb,Bell Tower or Campanile,1965,"Temple University, Berks Mall, North of Paley Library",1801 N Broad St ,"Between 12th and 13th Streets, at Berks Street","Mixed media, Tower: concrete; Bells: metal, cast alloy (80% copper, 20% block tin)",Temple University,"https://www.google.com/maps/uv?hl=en&pb=!1s0x89c6c80a6ed1126f:0x399ae41a6faa678e!2m19!2m2!1i80!2i80!3m1!2i20!16m13!1b1!2m2!1m1!1e1!2m2!1m1!1e3!2m2!1m1!1e5!2m2!1m1!1e4!3m1!7e115!4s/maps/place/12th%2B%2526%2Bberks%2Bst%2Bphiladelphia/@39.9813889,-75.1534409,3a,75y,258.83h,90t/data%3D*213m4*211e1*213m2*211sAqvKt7sjNFht0uGSJf44Gw*212e0*214m2*213m1*211s0x89c6c80a6ed1126f:0x399ae41a6faa678e!5s12th+%26+berks+st+philadelphia+-+Google+Search&imagekey=!1e2!2sAqvKt7sjNFht0uGSJf44Gw&sa=X&ved=0ahUKEwis1N7f3s"
141,175,https://dpd-art-is-essential-docs.s3.amazonaws.com/175.pdf,Active,"Neinja, Barbara",Total Environment,1986,Independence Park Condominiums,241 S 6th St,6th Street & Locust Walk,"Metal, aluminum, painted sculptural elements, paving, landscaping and lighting",Center City: Washington Square West,
142,176,https://dpd-art-is-essential-docs.s3.amazonaws.com/176.pdf,Active,"Maitin, Sam",Title Unknown (bird design on glass - 2 panels),1980,"Pennsylvania Hospital, Medical Building and Clinic, entrance (interior)",700-714 Spruce Street,,"Glass, etched safety",Center City: Society Hill,
143,177,https://dpd-art-is-essential-docs.s3.amazonaws.com/177.pdf,Active,"Bertoia, Harry",Homage to Performing Art,1975,Annenberg Center for the Performing Arts,3680 Walnut Street,Lobby of building,"Metal: Bronze, steel, tensile spandrel",University City: University of Pennsylvania,
144,178,No image available,Active,"De Rivera, Jose",Construction #66,1959,University of Pennsylvania Annenberg School of Communication,3620 Walnut St,"South side of Walnut, West of 36th - Interior but visible through window.","Metal: Chrome nickel steel-- welded shut tubing; motor in base",University City: University of Pennsylvania,"https://www.google.com/maps/@39.9532543,-75.1955098,3a,15y,181.7h,87.67t/data=!3m7!1e1!3m5!1s8iWY80cGs2lMPBgSnCN1Dg!2e0!6s%2F%2Fgeo0.ggpht.com%2Fcbk%3Fpanoid%3D8iWY80cGs2lMPBgSnCN1Dg%26output%3Dthumbnail%26cb_client%3Dmaps_sv.tactile.gps%26thumb%3D2%26w%3D203%26h%3D100%26yaw%3D57.913822%26pitch%3D0%26thumbfov%3D100!7i13312!8i6656"
145,179,No image available,Active,"Langenstein, Michael",Stardom,1972,"University of Pennsylvania Annenberg Center, Zellerbach Theater, lobby (interior)",3680 Walnut Street,,"Paint, acrylic on canvas (shaped)",University City: University of Pennsylvania,
174,211,https://dpd-art-is-essential-docs.s3.amazonaws.com/211.pdf,Active,"Fisher, Fred",Title Unknown (16 foot metal sculpture) ,1980,I. F. R. Furniture,444 North 3rd Street,,"Metal, steel ",Center City: Old City ,"https://www.google.com/maps/@39.9582434,-75.1439485,3a,75y,266.33h,79.73t/data=!3m6!1e1!3m4!1sJVoRoy3cr7xpvMh7_ELGsw!2e0!7i13312!8i6656!6m1!1e1\"
146,180,No image available,Active,"Lipton, Seymour",Voyager,Unknown,"University of Pennsylvania Annenberg Center of Communication Arts and Sciences, lobby (interior)",3680 Walnut Street,,"Metal, nickel silver on monel metal",University City: University of Pennsylvania,
147,181,No image available,Active,"Maitin, Sam",Mural: Celebration,1975/85,"University of Pennsylvania, Annenberg School of Communications, lobby (interior)",3620 Walnut Street,,"Wood, painted",University City: University of Pennsylvania,
148,182,https://dpd-art-is-essential-docs.s3.amazonaws.com/182.pdf,Active,"Keene, Paul Friends Neighborhood Guild",Ceramic Mural,1965,Guild House (interior) ,711 Spring Garden Street,,Ceramic,Poplar,
149,183,No image available,Active,Artist Unknown,Title Unknown (steeple w/cross),1972,Moravian Church I n America,2950 South 70th Street,,Medium unknown,South West Philadelphia: Eastwick,
150,184,No image available,Active,"Brooks, Lee",Title Unknown (frieze),1968,Sherman Williams (formerly R.W. Rexford Company ),827 Spring Garden St.,"9th and Spring Garden Streets, NE corner",Medium Unknown,Poplar,
151,185,No image available,Active,"Keyser, Evelyn",People Pyramid (or Pyramid of People),1971,Roberto Clemente Playground,1800 Wallace St,19th & Wallace St,"Metal, aluminum, welded",Fairmount,"https://www.google.com/maps/place/19th+St+%26+Wallace+St/@39.966128,-75.1688179,3a,75y,134.93h,74.74t/data=!3m7!1e1!3m5!1skeIEqdORL_4E51lII38hIg!2e0!6s%2F%2Fgeo0.ggpht.com%2Fcbk%3Fpanoid%3DkeIEqdORL_4E51lII38hIg%26output%3Dthumbnail%26cb_client%3Dsearch.TACTILE.gps%26thumb%3D2%26w%3D86%26h%3D86%26yaw%3D329.75742%26pitch%3D0%26thumbfov%3D100!7i13312!8i6656!4m5!3m4!1s0x89c6c7ce5e0219c7:0x12a0a4ac09d92b1b!8m2!3d39.966227!4d-75.168886"
152,186,No image available,Active,"Koronan, Dennis",Untitled,1990,"Orig: Ippoliti, Incorporated",7300 Lindbergh Blvd ,,"Metal, weathering steel and concrete",South West Philadelphia: Eastwick,"https://www.google.com/maps/place/7300+Lindbergh+Blvd,+Philadelphia,+PA+19153/@39.9075056,-75.2342046,3a,40.2y,116.24h,82.23t/data=!3m6!1e1!3m4!1s3NcwQRn0YOEWR_jeAwDivA!2e0!7i13312!8i6656!4m5!3m4!1s0x89c6c46d26379ebf:0x1fcdcf8a5b668345!8m2!3d39.9073122!4d-75.2335443"
153,187,No image available,Active,"Axeford, Robert",Seal,Before 1968,"Temple University, Ritter Hall (interior)",1301 Cecil B. Moore Ave,13th St Between Columbia and Montgomery Ave,stone: Limestone,Temple University,
154,189,No image available,Active,"Muller, Joan Newhof",Camel,1968,"Temple University Ritter Hall, 3rd floor, Room 302 (interior)",1301 Cecil B. Moore Ave,13th Street between Montgomery and Columbia Avenues,"Stone, marble",Temple University,
155,190,No image available,Active,"Parnell, Frank",Mother and Child,1968,"Temple University, Ritter Hall (interior)",1301 Cecil B. Moore Ave,13th Street between Columbia and Montgomery Avenues,"Stone, marble",Temple University,
156,191,No image available,Active,"Fuhrman, James","In Healing, Mind and Body Enfold One Another",1996,Mercy Eastwick Wellness Center,"2821 Island Ave Ste 215
Philadelphia, PA 19153",,"Concrete, painted steel, brushed stainless steel",South West Philadelphia: Eastwick,
157,192,No image available,Active,"Veeder, Russell T.",Title Unknown,1983,Musical Fund Hall (interior?),806-10 Locust Street,,"Plastic, fiberglass",Center City: Washington Square West,
158,194,https://dpd-art-is-essential-docs.s3.amazonaws.com/194.pdf,Active,"Engman, Robert",Quadrature #1,1984,"University of Pennsylvania Hospital, T.G. Miller Plaza","T. G. Miller Plaza, Hamilton Walk, between HUP and Med Ed Bldg.","Courtyard - Between Spruce and Hamilton Walk, East of 36th","Metal, steel, painted; four pieces, twisted",University City: University of Pennsylvania,
159,195,No image available,Active,"Oldenberg, Claes Thure & Coosje van Bruggen",Split Button,1981,"University of Pennsylvania, near Van Pelt Library",3420 Walnut St,"Blanche Levy Park, Locust Walk between 34th & 36th Streets","Metal, aluminum, painted (white) with enamel",University City: University of Pennsylvania ,
160,196,No image available,Active,"Leavitt, Greg",Papyrus (5 Elements),1985,Butler Paper Company,7825 Holstein Ave,,"Metal, painted steel",South West Philadelphia: Eastwick,
161,197,https://dpd-art-is-essential-docs.s3.amazonaws.com/197.pdf,Active,"Fitz-gerald, Clark B.",Mitosis,1973,Penrose Park Apartments,,78th Street and Lindbergh Boulevard,"Metal, bronze",South West Philadelphia: Eastwick,"https://www.google.com/maps/@39.9037439,-75.243295,3a,75y,281.33h,88.09t/data=!3m6!1e1!3m4!1sHeZ2AGvZJMB9bkNAQp1frg!2e0!7i13312!8i6656!6m1!1e1"
162,198,No image available,Active,"Daley, William P.",Ritz Screen,1978,Ritz Theater,214 Walnut St,2nd and Walnut Streets,Terra cotta modules (30-40 pieces),Center City: Society Hill,"https://www.google.com/maps/@39.9467193,-75.1451078,3a,75y,230.48h,91.41t/data=!3m6!1e1!3m4!1sjt84Q0vCqhdAgpgyC9Ie4w!2e0!7i13312!8i6656!6m1!1e1"
163,199,https://dpd-art-is-essential-docs.s3.amazonaws.com/199.pdf,Active,"Miller, Theodore",Cubus Assemblage (or Cubis),1979,Smith-Kline Beecham Warehouse,"544-500 State Rte 2006, Philadelphia, PA 19123",Spring Garden Street between 5th and 6th Streets,"Metal, painted aluminum modules on brick wall",Poplar,
164,200,https://dpd-art-is-essential-docs.s3.amazonaws.com/200.pdf,Active,"Brenner, Bernard and James Fuhrman (Filed under Fuhrman)",Striding Man,1976,Penrose Plaza (shopping Center),2900 Island Ave,"Island Ave and Lindbergh Boulevard, SW side, in parking lot",Metal: Weathering steel,South West Philadelphia: Eastwick,"https://www.google.com/maps/@39.9029195,-75.2412107,3a,39.4y,152.54h,92.91t/data=!3m7!1e1!3m5!1sENKzVkP0MiW0Uu4wZeC3Xg!2e0!6s%2F%2Fgeo2.ggpht.com%2Fcbk%3Fpanoid%3DENKzVkP0MiW0Uu4wZeC3Xg%26output%3Dthumbnail%26cb_client%3Dmaps_sv.tactile.gps%26thumb%3D2%26w%3D203%26h%3D100%26yaw%3D127.23652%26pitch%3D0%26thumbfov%3D100!7i13312!8i6656"
117,149,No image available,Active,"Rosenberg, Lilli Ann Killen",Mural: A Celebration of Working Parents and Their Children,1982,ISI Caring Center for Children and Parents,3501 Filbert Street,,"Mixed media, concrete & mosaic tiles, found objects; bas-relief mural (72 panels)",University City,"https://www.google.com/maps/place/3500+Filbert+St,+Philadelphia,+PA+19104/@39.9567649,-75.1926289,3a,15y,62.42h,91.86t/data=!3m7!1e1!3m5!1sLAJq3dyCl2fEPz3oecmXfQ!2e0!6s%2F%2Fgeo2.ggpht.com%2Fcbk%3Fpanoid%3DLAJq3dyCl2fEPz3oecmXfQ%26output%3Dthumbnail%26cb_client%3Dsearch.TACTILE.gps%26thumb%3D2%26w%3D86%26h%3D86%26yaw%3D204.82986%26pitch%3D0%26thumbfov%3D100!7i16384!8i8192!4m5!3m4!1s0x89c6c6519f7bd4a7:0xebd1d3868adb4d6e!8m2!3d39.9567437!4d-75.1926309"
118,150,https://dpd-art-is-essential-docs.s3.amazonaws.com/150.pdf,Active,"Mueller, Louis",The Braceland Arch,1986,"Braceland Brothers, Inc.",7625 Suffolk Avenue,,"Metal, bronze tubing, welded",South West Philadelphia: Eastwick,"https://www.google.com/maps/place/7625+Suffolk+Ave,+Philadelphia,+PA+19153/@39.9022078,-75.2378912,3a,42.8y,109.66h,90.63t/data=!3m6!1e1!3m4!1scbNzSrE5MVbWWeGYq17ONg!2e0!7i13312!8i6656!4m5!3m4!1s0x89c6c471e47c43cb:0xc2532ba039da9c50!8m2!3d39.902581!4d-75.236633"
119,151,https://dpd-art-is-essential-docs.s3.amazonaws.com/151.pdf,Active,"Oppenheim, Dennis",Wave Forms,2007,Domus Building,3411 Chestnut St,"Northwest corner, 34th and Chestnut",,University City,
120,152,https://dpd-art-is-essential-docs.s3.amazonaws.com/152.pdf,Active,"Mitchell, Henry",Running Free,1975,"Drexel University, Physical Education Center",3301 Market St,"33rd and Market Streets, NW corner","Metal, bronze",University City,"https://www.google.com/maps/place/PA-3+%26+S+33rd+St+%26+N+33rd+St,+Philadelphia,+PA+19104/@39.9558071,-75.1894099,3a,19.8y,317.51h,88.37t/data=!3m6!1e1!3m4!1sjWx5ldoBtZp1V3LvwsOPEg!2e0!7i13312!8i6656!4m5!3m4!1s0x89c6c64e283bcf5b:0xe044c8163ed6fad6!8m2!3d"
121,153,https://dpd-art-is-essential-docs.s3.amazonaws.com/153.pdf,Active,"Berg, Eric",Puma,1983,The Caring Center ,3101 Spring Garden St,31st and Spring Garden Street,Metal: Bronze,West Philadephia: Powelton Village,
122,154,https://dpd-art-is-essential-docs.s3.amazonaws.com/154.pdf,Active,"Wilson, Roy",Wind Helix,1994,National Board of Medical Examiners,3750 Market Street, art is fence located at the corner of 38th & Ludlow St,"Steel, aluminum vanes",University City,"https://www.google.com/maps/place/3750+Market+St,+Philadelphia,+PA+19104/@39.9559097,-75.1981714,3a,75y,50.53h,87t/data=!3m6!1e1!3m4!1sHHHkHAhoI1UcyUWDemlNSg!2e0!7i13312!8i6656!4m5!3m4!1s0x89c6c656e2960dd3:0xa2324c84b03614d!8m2!3d39.9561735!4d-75.1974734"
123,155,https://dpd-art-is-essential-docs.s3.amazonaws.com/155.pdf,Active,"Carpenter, James",Refractive Light Spine,1989,University City Science Center (interior),3675 Market St ,35th & Market Streets,"Dichronic glass and metal, stainless steel",University City: UCSC,
124,156,https://dpd-art-is-essential-docs.s3.amazonaws.com/156.pdf,Active,"Duffield, Timothy",Dream of Sky,1976,Founders Plaza,3675 Market St ,Between 3624 Market Street and 3700 Market Street,"Mixed media: Cement, metal, annodized aluminum, fiberglass reinforced polyester resin with aluminum pigment",University City: UCSC,
125,157,No image available,Active,"Softlab, (Mike Szivos lead artist)",Pivot Park,2019,UCSC Pocket Park,3675 Market Street,37th and Market,Powder-coated metal 'trees',University City,
126,159,No image available,Active,"Guinn, David and Goodman, Robert",Future Valley,2019,Westrum Brewerytown,"1410 N. 31st St., Philadelphia, Pa. 19121",Westrum pocket park- 31st St. and Girard,"Painted mural, paving materials and sculptural elements",Brewerytown,
127,160,https://dpd-art-is-essential-docs.s3.amazonaws.com/160.pdf,Active,"Allen, Gerald and Kent Cress Bloomer",Title Unknown (Two ornamental light fixtures),1984,<Null>,"700 Locust Street,
Philadelphia, PA 19106
",Building facade: 700 Locust Street,"Metal: wrought iron with hammered bronze; originally had polycarbonate plastic spheres",Center City: Washington Square West,"https://www.google.com/maps/@39.9468781,-75.1537528,3a,75y,199.73h,85.73t/data=!3m6!1e1!3m4!1spXf7g2SIr90v5T7SGHGFcA!2e0!7i13312!8i6656!6m1!1e1"
175,212,https://dpd-art-is-essential-docs.s3.amazonaws.com/212.pdf,Active,"Hay, Ike",Zen Doors,1979,Rudolph Robinson Steel Company,301 Callowhill Street,,Metal: Stainless steel and annodized aluminum,Poplar,"https://www.google.com/maps/place/301+Callowhill+St,+Philadelphia,+PA+19123/@39.9574391,-75.1442227,3a,75y,90t/data=!3m6!1e1!3m4!1s*211m2*211y9927842868892383931*212y1423163823697865789*213m2*211y9927842147199665891*212y7138172460742920724*215m2*211x399575863*212x3543525355!2e0!7i13312!8i6656!4m5!3m4!1s0x89c6c87d4239babb:0x13c017f518b2ac3d!8m2!3d39.9575863!4d-75.1441941"
128,161,https://dpd-art-is-essential-docs.s3.amazonaws.com/161.pdf,Active,"Tarantal, Elsa Johnson",Balancing,1983,University City Townhouses,"3990 Market St, Philadelphia, PA 19104","40th and Market Streets , SE corner, in plaza","Metal, bronze",University City,"https://www.google.com/maps/place/Market+St+%26+N+40th+St,+Philadelphia,+PA+19104/@39.9571037,-75.2015044,3a,41.7y,188.2h,89.53t/data=!3m7!1e1!3m5!1sSSQ4jOEc6rPNr-1mbn3jaQ!2e0!5s20140501T000000!7i13312!8i6656!4m5!3m4!1s0x89c6c6f88f7fc0bb:0xa8d03fddab4bb131!8m2!3d39.9571616!4d-75.2019356"
129,162,https://dpd-art-is-essential-docs.s3.amazonaws.com/162.pdf,Active,"Webb, Michael",Sgraffito,1983,University City Townhouses,"3990 Market St, Philadelphia, PA 19104",Market Street between 39th and 40th streets,"Glass, sgraffito on bay windows, stucco",University City,
130,163,https://dpd-art-is-essential-docs.s3.amazonaws.com/163.pdf,Active,"Morgan, Peter",Weather Dogs,2016,Philadephia Pet Hotel & Villas,7401 Holstein Avenue,,"Copper weathervane, wood cupola",South West Philadelphia: Eastwick,
131,164,https://dpd-art-is-essential-docs.s3.amazonaws.com/164.pdf,Active,"Bartlett, Jennifer Losch",In The Garden,1980,"Institute for Scientific Information, main lobby (interior)",3501 Market Street,,"Metal, steel plates, painted enamel and silkscreen grid",University City,
132,165,No image available,Active,"Neff, Edith",Mural: West Philadelphia,1974 c.,"University City Science Center, lobby (center)",3501 Market Street,,"Paint, oil on canvas",University City: UCSC,
133,166,https://dpd-art-is-essential-docs.s3.amazonaws.com/166.pdf,Active,"Winter, Sherl Joseph",Family of Bears (or Three Bears),1966,Delancey Park,319 Delancey St.,Delancey Street between 3rd & 4th Streets,"Concrete, precast",Center City: Society Hill,"https://www.google.com/maps/place/S+3rd+St+%26+Delancey+St,+Philadelphia,+PA+19106/@39.9440281,-75.1480024,3a,43.8y,1.3h,80.36t/data=!3m6!1e1!3m4!1s9azsFfYUkIM7oT0dWDxBJA!2e0!7i13312!8i6656!4m5!3m4!1s0x89c6c89ba2d56dc3:0x163baf94ada6accd!8m2!3d39.9438999!4d-75.1470719"
215,260,https://dpd-art-is-essential-docs.s3.amazonaws.com/260.pdf,Active,"Calder, Alexander Stirling",Witherspoon Building Figures (six freestanding sculptures),1898-1899,Presbyterian Historical Society,425 Lombard Street,,"Stone, cast",Center City: Society Hill,
216,261,No image available,Active,"Frudakis, Evangelos William",Alexander Mackie (bust),1967,Presbyterian Historical Society,425 Lombard Street, interior,Material Unknown,Center City: Society Hill,
217,262,https://dpd-art-is-essential-docs.s3.amazonaws.com/262.pdf,Active,"Wallis, Charles",Title Unknown (four metal bas-reliefs),1973,Society Hill Shopping Center,314 S 5th St,"Cypress and Delancey, West of 5th",Metal,Center City: Society Hill,"https://www.google.com/maps/place/326+S+5th+St,+Philadelphia,+PA+19106/@39.9442616,-75.1502932,3a,42.7y,321.69h,87.65t/data=!3m6!1e1!3m4!1sQbZrInl9fX84dDXld-Wy8A!2e0!7i13312!8i6656!4m13!1m7!3m6!1s0x0:0x0!2zMznCsDU2JzQwLjAiTiA3NcKwMDknMDEuNCJX!3b1!8m2!3d39.94445!4d-75.1504!3m4!1s0x89c6c89c5cba7527:0xf5b03b1e09b01991!8m2!3d39.9443771!4d-75.1504624"
218,263,https://dpd-art-is-essential-docs.s3.amazonaws.com/263.pdf,Active,"Eldred, Dale",Infinity Grid (6 Elements),1982,International House of Philadelphia (interiror),3701 Chestnut Street,,Plastic,University City: University of Pennsylvania,
219,264,No image available,Active,"Engman, Robert",Kings,1975,Korman International City ,7900 Lindbergh Blvd.,"78th Street and Lindbergh Boulevard

(formerly Penrose Park Apartments)",Metal ,South West Philadelphia: Eastwick,"https://www.google.com/maps/@39.9031872,-75.2431264,3a,75y,235.43h,83.28t/data=!3m6!1e1!3m4!1sYnGWvImAMYOf2p2j1iNO7g!2e0!7i13312!8i6656!6m1!1e1"
198,239,https://dpd-art-is-essential-docs.s3.amazonaws.com/239.pdf,Active,"Utescher, Gerd",Tree of Life,1977,Pennsylvania College of Podiatric Medicine,148 N 8th St,"8th and Race Streets, SW Corner",Medium unknown/mosaic,Center City: Washington Square West,
220,265,https://dpd-art-is-essential-docs.s3.amazonaws.com/265.pdf,Active,"Lieberman, Richard",Unity,1969,Bingham Court,"Bingham Court, Philadelphia, PA 19106","East side of 4th at Locust St, in courtyard","Metal, weathering steel",Center City: Society Hill,"https://www.google.com/maps/@39.9459269,-75.1475677,3a,41.2y,30.69h,88.34t/data=!3m6!1e1!3m4!1sYoOhZF1hPjENMPJ2bmgK4Q!2e0!7i13312!8i6656"
221,266,No image available,Active,"Dioda, Adolph",Title Unknown (bas-relief of Blue Heron),1978,Cusano Environment Education Center,8601 Lindbergh Blvd.,Near 86th Street and Lindbergh Boulevard,Cement: low bas-relief slab fixed to a natural boulder,Southwest Philadelphia,
222,267,No image available,Active,"Levy, Margaret Wasserman",Mustang at Play,1969,Blackwell Homes Townhouses,"Blackwell Place, Blackwell Pl, Philadelphia, PA 19147",Stamper Street btw 2nd & 3rd Sts,"Metal, bronze",Center City: Society Hill,"https://www.google.com/maps/@39.9427533,-75.1462254,3a,42.3y,9.72h,89.18t/data=!3m6!1e1!3m4!1sluFwEzZBmMwqhFzTrTZuLw!2e0!7i13312!8i6656"
223,270,https://dpd-art-is-essential-docs.s3.amazonaws.com/270.pdf,Active,"Brenner, Art",Atlas X,1974,Sheraton Ariport Motor Inn, 4509  Island Ave,Island Ave near Airport circle,Metal,South West Philadelphia,"https://www.google.com/maps/@39.8885614,-75.2329084,3a,75y,85.57h,89.12t/data=!3m7!1e1!3m5!1sKur_cQxljUWczLY9hNwINg!2e0!6s%2F%2Fgeo2.ggpht.com%2Fcbk%3Fpanoid%3DKur_cQxljUWczLY9hNwINg%26output%3Dthumbnail%26cb_client%3Dmaps_sv.tactile.gps%26thumb%3D2%26w%3D203%26h%3D100%26yaw%3D24.860786%26pitch%3D0%26thumbfov%3D100!7i13312!8i6656"
224,272,https://dpd-art-is-essential-docs.s3.amazonaws.com/272.pdf,Active,"Tarzion, John",Title Unknown (triptych) 5'x7',1974,Sheraton Airport Motor Inn (interior),4509 Island Ave,Island Road near Airport Circle,Paint,Southwest Philadelphia,
199,240,https://dpd-art-is-essential-docs.s3.amazonaws.com/240.pdf,Active,"Whelan, Juliet",Springtime Ramble (2 canopies),2015,Carpenter Square mixed-use building,1001 S 17th St,17th & Carpenter Streets,Metal and etched glass,Center City: Graduate Hospital,
225,273,https://dpd-art-is-essential-docs.s3.amazonaws.com/273.pdf,Active,"Vassarely, Victor",Title Unknown (porcelain relief),1974,Sheraton Airport Motor Inn  ,4509 Island Ave,Island Road near Airport Circle,"Ceramic, porcelain relief",Southwest Philadelphia,
165,201,https://dpd-art-is-essential-docs.s3.amazonaws.com/201.pdf,Active,"Ewing, Lauren",Subject/Object Memory,1990,Penrose Plaza Shopping Center,2900 Island Ave,"West side of Island, South of Lindbergh","Metal, painted?",Southwest Philadelphia,"https://www.google.com/maps/@39.8995244,-75.239559,3a,75y,256.68h,86.61t/data=!3m6!1e1!3m4!1s5I5-XM1m6qRbm9upUxyD8w!2e0!7i13312!8i6656"
166,202,https://dpd-art-is-essential-docs.s3.amazonaws.com/202.pdf,Active,"Hopkins, Cathy",The Big Hose,1980,Firemen's Union Hall (interior),415 N 5th St,5th and Willow Streets ,"Mixed Media: Plywood, polyurethane foam, polyester resin",Center City: North,
167,203,https://dpd-art-is-essential-docs.s3.amazonaws.com/203.pdf,Active,"Fuhrman, James",A Part/Apart,2008,Delancey Court,316 South 7th Street,7th and Delancey,"3 steel relief panels and 4 smaller, inscribed panels",Center City: Society Hill,
168,204,https://dpd-art-is-essential-docs.s3.amazonaws.com/204.pdf,Active,"Greenberg, Joseph J., Jr.",Birds in Flight,1985,Parking Lot,102-122 Market Street,,Metal: Amuminum,Center City: Old City,"https://www.google.com/maps/place/102+Market+St,+Philadelphia,+PA+19106/@39.9499597,-75.1433261,3a,17.5y,55.47h,92.82t/data=!3m6!1e1!3m4!1sL1lGVHy-zl6yH-PF_XfbeQ!2e0!7i13312!8i6656!4m5!3m4!1s0x89c6c88f7b4cec21:0x1a2824af9de8c165!8m2!3d39.949558!4d-75.1424256"
169,205,https://dpd-art-is-essential-docs.s3.amazonaws.com/205.pdf,Active,"Ray, Christopher T.",The Seed,1976,Mikveh Israel - Entrance ,"55 North 5th Street, Independence Mall East",,"Metal, iron, forged",Center City: Independence Mall,"https://www.google.com/maps/@39.9510512,-75.1470754,3a,75y,306.68h,97.56t/data=!3m6!1e1!3m4!1s7tmC_IOMExufie1caxzLTg!2e0!7i13312!8i6656"
170,207,https://dpd-art-is-essential-docs.s3.amazonaws.com/207.pdf,Active,Harries Heder Collaborative (Mags Harries & Lajos Heder),LightPlay,2016,Southstar Lofts,521 S Broad Street,Broad & South Streets,"Painted steel, glass, optical film",Center City,
171,208,No image available,Active,"Hopkins, Cathy",Arabesque and Layout (2 elements ),1985,Society Hill Club,250 South 5th Street,,"Plastic, metal, cold cast bronze (polyester resin, bronze powder and fiberglass)",Center City: Society Hill,"https://www.google.com/maps/place/250+S+5th+St,+Philadelphia,+PA+19106/@39.9457844,-75.1499015,3a,75y,244.11h,92.16t/data=!3m6!1e1!3m4!1s2QQDrviCuAvJd5BGT3XCCg!2e0!7i13312!8i6656!4m5!3m4!1s0x89c6c89cecd5eee7:0x39e70aa153c16080!8m2!3d39.9457121!4d-75.1501799"
172,209,No image available,Active,GALLERY - MULTIPLE ARTISTS - INPUT INDIVIDUALLY?,GALLERY - MULTIPLE ARTISTS - INPUT INDIVIDUALLY?,2019,Fashion District ,901 Market St,Throughout,Multiple,Center City,
173,210,https://dpd-art-is-essential-docs.s3.amazonaws.com/210.pdf,Active,"Fredenthal, Robinson","Water, Ice and Fire (three works)",1973,Septa Building (interior & exterior),1234 Market Street,,"Metal, weathering steel",Center City,
176,213,https://dpd-art-is-essential-docs.s3.amazonaws.com/213.pdf,Active,"Stern, Jan Peter",La Tulipe,1981,Clothing Manufacturer's Distribution Warehouse,3250 South 76th Street,,"Metal, steel, painted",Southwest Philadelphia,"https://www.google.com/maps/place/3250+S+76th+St,+Philadelphia,+PA+19153/@39.9016786,-75.2318877,3a,48.2y,235.46h,90.54t/data=!3m6!1e1!3m4!1svy8mZS1u_18mD-qrRvMSaQ!2e0!7i13312!8i6656!4m5!3m4!1s0x89c6c46ededb4057:0x913c9f273770d6df!8m2!3d39.9006642!4d-75.2324071"
177,214,https://dpd-art-is-essential-docs.s3.amazonaws.com/214.pdf,Active,"Brenner, Bernard and James Fuhrman",Collab I,1975,"City Fitness (formerly Bell of Pennsylvania, warehouse)",200 Spring Garden St.,"2nd and Spring Garden streets, SW corner",Metal: Weathering steel,Poplar,"https://www.google.com/maps/@39.9606608,-75.1422712,3a,75y,205.27h,75.84t/data=!3m6!1e1!3m4!1s69FuXcBokBNgI7-lwBNi-w!2e0!7i13312!8i6656!6m1!1e1"
178,215,No image available,Active,"Nordlund, Jean",Title Unknown (2 elements),1982,"University City Science Center, E. and W. lobby walls (interior)",3440 Market Street,,"Textile, dyed wool, two layers thick, 6 vertical sections",University City: UCSC,
179,216,No image available,Active,"Tobin, Farley",Title Unknown (tile mural),1982,"University City Science Center, lobby (interior)",3440 Market Street,,"Tile, glazed and unglazed",University City: UCSC,
180,218,No image available,Active,"Maron, Jeffrey Roy",Glyph of Nature,1986,University City Science Center ,3550 Market Street,,"Metal, Copper alloy with patina",University City: UCSC,"https://www.google.com/maps/place/3550+Market+St,+Philadelphia,+PA+19104/@39.9561313,-75.1939107,3a,75y,178.9h,118.37t/data=!3m6!1e1!3m4!1sd_ZXGaWaNHa_tQMiiBoAOg!2e0!7i13312!8i6656!4m5!3m4!1s0x89c6c651203315fd:0xbaaf27ced6dc0e13!8m2!3d39.9558094!4d-75.1939326"
181,219,No image available,Active,"Pinto, Sarala Ruth",Phoenix Above Maltese Cross,1962 c.,Fire Station ,"1357 S 12th St, Philadelphia, PA 19147",12th and Reed Streets,"Metal, bronze",South Phladelphia: Passyunk Sqaure Park,"https://www.google.com/maps/place/Reed+St+%26+S+12th+St,+Philadelphia,+PA+19147/@39.9326457,-75.1640999,3a,40.8y,102.16h,86.7t/data=!3m6!1e1!3m4!1sWjtcaMWJsoCKeMDRqiWxbw!2e0!7i13312!8i6656!4m5!3m4!1s0x89c6c61a450a43cd:0xa68e23054f88f593!8m2!3d39.9324423!4d-75.1641369"
182,220,No image available,Active,"Day, David J.",Mercury,1974,"Lincoln Mercury, auto showroom",6723 Essington Avenue,,Mixed Media: tile and polystone,Southwest Philadelphia,
183,221,No image available,Active,"King, Ray","Aurora Window, Canopy and Sconces",1989,The Cosmopolitan Apartments,221 S. 12th Street,,"Glass, metal, bronze, steel",Center City: Washington Square West,
184,222,https://dpd-art-is-essential-docs.s3.amazonaws.com/222.pdf,Active,"Blum, Andrea",Plateau,2006,University of Pennsylvania ,,40th & Locust Streets,"Steel, ",University City: University of Pennsylvania,
185,223,https://dpd-art-is-essential-docs.s3.amazonaws.com/223.pdf,Active,"Dubuffet, Jean",Milord La Chamarre (My Lord of the Fancy Vest),1973-1974,Centre Square,"1500 Market St
Philadelphia, PA 19102",Market St between 15th & 16th Streets,"Metal, stainless steel with black epoxy",Center City,
186,224,https://dpd-art-is-essential-docs.s3.amazonaws.com/224.pdf,Active,"Oldenberg, Claes Thure",Clothespin,1976,Centre Square,"1500 Market St
Philadelphia, PA 19102",15th & Market Street,"Metal, weather steel and stainless steel 'spring'",Center City,
187,225,No image available,Active,"Fredenthal, Robinson",Blockhead,1990,Office Building,800 Spring Garden St,8th and Spring Garden Streets,"Metal: Galvanized steel, painted",Poplar,"https://www.google.com/maps/place/State+Rte+2006+%26+N+8th+St,+Philadelphia,+PA+19123/@39.9615944,-75.1517989,3a,75y,200.07h,87.96t/data=!3m6!1e1!3m4!1svzAFYiPucpEBOeGZPiGU3Q!2e0!7i13312!8i6656!4m5!3m4!1s0x89c6c87f2033bed7:0xbbb901a4581d35ac!8m2!3d39.9615799!4d-75.1517827!6m1!1e1"
188,226,https://dpd-art-is-essential-docs.s3.amazonaws.com/226.pdf,Active,"Pei, I. M. ",Title Unknown (fountain with pattern mosaic base),1966,Society Hill Towers,"285 St James Pl, Philadelphia, PA 19106","Plaza, near 2nd and Locust Streets",Medium unknown,Center City: Society Hill,"https://www.google.com/maps/place/S+2nd+St+%26+Locust+St,+Philadelphia,+PA+19106/@39.945476,-75.1448424,3a,43y,356.69h,90.94t/data=!3m6!1e1!3m4!1sCZixYClqRKSdG5QPqDvqmg!2e0!7i13312!8i6656!4m5!3m4!1s0x89c6c89aeee7ba07:0x977fd06ce69e51d3!8m2!3d39.9450792!4d-75.144793"
189,227,https://dpd-art-is-essential-docs.s3.amazonaws.com/227.pdf,Active,"Baskin, Leonard","Old Man, Young Man, The Future",1966,Society Hill Towers,285 St James Pl,2nd & Locust Streets,Metal: Bronze,Center City: Society Hill,
190,228,https://dpd-art-is-essential-docs.s3.amazonaws.com/228.pdf,Active,"Fredenthal, Robinson",White Water,1978,Woodmere Art Museum,9201 Germantown Ave,Woodmere Art Museum,Metal: stainless steel sheets forming a series of connected modules or cubes,Northwest,
191,229,https://dpd-art-is-essential-docs.s3.amazonaws.com/229.pdf,Active,"Bogle, Jon",Big Screw (fountain and sculpture),1974,Walkway,1796 St. Paul St,Germantown Ave and Saint Paul Street,Metal: Welded steel,Germantown,"https://www.google.com/maps/@40.0191134,-75.1556372,3a,75y,2.89h,86.72t/data=!3m6!1e1!3m4!1sNMJ_Ia0W88mz-K-0tagUog!2e0!7i13312!8i6656!6m1!1e1"
192,230,https://dpd-art-is-essential-docs.s3.amazonaws.com/230.pdf,Active,"Paley, Albert",Synergy,1987,Museum Towers,498N N 18th St,18th & Spring Garden Streets,"Metal, steel painted",Franklintown,
193,231,https://dpd-art-is-essential-docs.s3.amazonaws.com/231.pdf,Active,"Hay, Ike",One Plus Three (4 panels),1982,Pepsi-Cola Bottling Company,3245 S 78th St,78th and Holstein Avenue,"Metal: Bronze relief, cast; deep blue color (4 panels)",Southwest Philadelphia,"https://www.google.com/maps/place/Holstein+Ave+%26+S+78th+St,+Philadelphia,+PA+19153/@39.8986224,-75.2319726,3a,75y,330.81h,94.33t/data=!3m6!1e1!3m4!1sbLfkwQl0clmqyI5DjWJALg!2e0!7i13312!8i6656!4m5!3m4!1s0x89c6c46f63890e6d:0xe1a8e6015d1bc16d!8m2!3d39.8980635!4d-75.232297"
194,232,https://dpd-art-is-essential-docs.s3.amazonaws.com/232.pdf,Active,"Parks, Charles Cropper",Grow Old Along With Me.  The Best is Yet To Be (fountain sculpture),1978,University Square,3901 Market Street,,Medium Unknown,University City,"https://www.google.com/maps/place/3901+Market+St,+Philadelphia,+PA+19104/@39.9569878,-75.2007813,3a,23.1y,16.14h,87.25t/data=!3m6!1e1!3m4!1s-ugOz7TYSN49H1UqcQfHVg!2e0!7i13312!8i6656!4m5!3m4!1s0x89c6c65624fa6413:0x2f709cbed091f99f!8m2!3d39.9573556!4d-75.2005702"
195,234,No image available,Active,"Hadany, Israel",Three Tubes,1979,Morris Arboretum,9414 Meadowbrook Avenue,,Metal: Stainless steel,Chestnut Hill,
196,235,https://dpd-art-is-essential-docs.s3.amazonaws.com/235.pdf,Active,"Sugarman, George",Title Unknown (gateway),1981 c.,Morris Arboretum,9414 Meadowbrook Avenue,,"Metal, aluminum plate, painted",Chestnut Hill,
197,236,https://dpd-art-is-essential-docs.s3.amazonaws.com/236.pdf,Active,"Wood, Clarence",Title Unknown (tiled mural),1981,Burger King Restaurant,"15 S 8th St, ","8th and Ludlow Streets, NE corner","Tile, ceramic; each handmade according to specific colors in the artwork.",Center City: Society Hill,
200,243,No image available,Active,Artist Unknown with local residents,Mural,1972,Redevelopment Aurhority Site Office,5500 Haverford Ave,,Medium unknown,West Philadelphia,
201,244,https://dpd-art-is-essential-docs.s3.amazonaws.com/244.pdf,Active,"Grothusen, Michael",The Point Where Things Change,2001,Otten's Flavors,7800 Holstein Ave,Holstein & Bartram Avenues,Brushed Stainless Steel,South West Philadelphia: Eastwick,"https://www.google.com/maps/place/State+Rte+3019+%26+Holstein+Ave,+Philadelphia,+PA+19153/@39.8971567,-75.2331484,3a,39.7y,174.8h,88.17t/data=!3m6!1e1!3m4!1sEQiprNI-fkZaA7HKflQw2w!2e0!7i13312!8i6656!4m5!3m4!1s0x89c6c465003406a3:0x2b599815d3e23b74!8m2!3d39.8954332!4d-75.2334062"
202,245,https://dpd-art-is-essential-docs.s3.amazonaws.com/245.pdf,Active,"Ray, Christopher T.",Title Unknown (fountain),1983,Ascension Manor,911 North Franklin  ,(On Poplar btw Franklin & 7th St),"Metal, copper, wrought",Poplar,"https://www.google.com/maps/place/911+N+Franklin+St,+Philadelphia,+PA+19123/@39.9676581,-75.1491229,3a,39.9y,349.84h,90.37t/data=!3m6!1e1!3m4!1suHVWjitbwCOT4zuHwKVP1w!2e0!7i13312!8i6656!4m5!3m4!1s0x89c6c8774ebbe9c9:0x61aaf952b0b1682f!8m2!3d39.9682085!4d-75.1491299"
203,246,https://dpd-art-is-essential-docs.s3.amazonaws.com/246.pdf,Active,"Parks, Charles Cropper",Transportation (column),1969,Avis Rent-A-Car,6615 Norwitch Drive,,"Metal, weathering steel",Southwest Philadelphia,"https://www.google.com/maps/place/6615+Norwitch+Dr,+Philadelphia,+PA+19153/@39.915636,-75.2230553,3a,26y,288.34h,87.23t/data=!3m6!1e1!3m4!1s_Ms7m5d_EUN_mQnlFc4uyg!2e0!7i13312!8i6656!4m5!3m4!1s0x89c6c43d155c3a51:0x788cd1cddf642a3!8m2!3d39.9157452!4d-75.223666"
204,247,https://dpd-art-is-essential-docs.s3.amazonaws.com/247.pdf,Active,"Tacha, Athena",Connections,1992,Franklin Town Park,"423 N 19th St, Philadelphia, PA 19130",18th & Hamilton Streets,"Stone, granite boulders and terraced gardens",Franklintown,
205,248,https://dpd-art-is-essential-docs.s3.amazonaws.com/248.pdf,Active,"Jacobs, Virginia",Sunrise Serenade (quilted wall hanging),1980,Old Pine Community Center,401 Lombard St.,"4th and Lombard Streets
 Interior, upper level of lobby ","Textile: machine pieced and quilted nylon flag bunting suspended from metal; brass rod",Center City: Society Hill,
206,249,No image available,Active,"King, Ray",Old Pine Community Center,1976 -81 ,"Old Pine Community Center, east wall meeting room (interior)",401 Lombard St.,4th & Lombard Streets,"Glass, stained glass window (2 pieces)",Center City: Society Hill,
207,250,https://dpd-art-is-essential-docs.s3.amazonaws.com/250.pdf,Active,"Nichols, Gerald",Mural/Construction (Eakins' Rowers),1980,"Old Pine Community Center, gymnasium (interior)",401 Lombard St.,4th and Lombard Streets,"Wood, painted plywood",Center City: Society Hill,
208,251,https://dpd-art-is-essential-docs.s3.amazonaws.com/251.pdf,Active,"Bramblett, Frank",The Triangle Fire/Eight Decades (2 works),1983,International Ladies Garment Workers Union,27-41 South 4th Street,,"Metal: Aluminium; surface given an acrylic color urethane or epoxy paint",Center City: Independence Mall ,"https://www.google.com/maps/@39.949538,-75.1474346,3a,75y,142.26h,96.26t/data=!3m6!1e1!3m4!1sGyyC5GPVZ0ijz6jHyr1V0A!2e0!7i13312!8i6656"
209,252,No image available,Active,"Bachman, Sally (Rosalie)",Place Over the Horizon (see also Power of the Spirit),1982,Doctor's Medical Center,2901 South Island Road,Interior,Textile: tapestry (one of 2),South West Philadelphia: Eastwick,
210,253,No image available,Active,"Bachman, Sally (Rosalie)",Power of the Spirit (see also Place over the Horizon),1982,Doctor's Medical Center,2901 South Island Road,Interior,Textile: tapestry (one of 2),South West Philadelphia: Eastwick,
211,255,https://dpd-art-is-essential-docs.s3.amazonaws.com/255.pdf,Active,"Love, Arlene",Face Fragment,1975,University City Science Center ,3500 Market Street,,"Mixed media, fiberglass, reinforced polyester resin w/gold-leaf patina w/metal, brass (gold leaf over cold cast bronze)",University City: UCSC,
212,256,No image available,Active,"Lauser, Ernest",Millard E. Gladfelter,1968,"Temple University, Presser Hall, 1st Floor (interior)",2001 N 13th St,13th & Norris Street,"Metal, bronze",Temple University,
213,258,https://dpd-art-is-essential-docs.s3.amazonaws.com/258.pdf,Active,"Freeland, William",Elemental Intervals,1986,South Street Development Company,1001-1051 South Street,,"Metal: bronze plate; painted aluminum, bronze mesh. Stone: limesotne, brick; patinated; w/ anti-graffitti coat, grey and red",Center City: Washington Square West,"https://www.google.com/maps/place/1051+South+St,+Philadelphia,+PA+19147/@39.9429584,-75.1599008,3a,60y,71.85h,92.24t/data=!3m6!1e1!3m4!1sFEFMM_YtdSs2qbqjnYDvKg!2e0!7i13312!8i6656!4m5!3m4!1s0x89c6c6215bbe5c29:0x29432e6a1dc0093a!8m2!3d39.9431399!4d-75.1598941!6m1!1e1"
214,259,https://dpd-art-is-essential-docs.s3.amazonaws.com/259.pdf,Active,"Kirkland, Larry",To Balance,2003,"Community College of Philadelphia, Business and Industry Building",1751 Callowhill St,18th & Callowhill,Medium Unknown,Franklintown,
